Fullname,Job,Email,Company,Address
Psychiatrist,meghanbartlett@example.com,"Sanchez, Williamson and Gaines","34684 Park Viaduct
Hollowayburgh, UT 68787"
Neurosurgeon,ashley85@example.org,Macdonald Ltd,"66924 Underwood Prairie
Hernandezshire, GU 59426"
Government social research officer,nortontimothy@example.org,Richards-Freeman,"20500 Davis Brooks
New Cassandra, MT 21984"
Financial controller,matthew30@example.net,Espinoza and Sons,"962 Anderson Trafficway Apt. 741
Joshuaburgh, MI 22118"
"Merchandiser, retail",clarkmariah@example.net,"Shepard, Hahn and Moore","3300 Delgado Turnpike
Donnabury, PR 39406"
Commercial horticulturist,ljones@example.org,Bell-Nguyen,"95846 Baker Causeway
West Jessicaton, CA 02617"
"Buyer, industrial",psmith@example.net,"Buchanan, Greene and Jimenez","947 Andrea Estates Apt. 832
Collinsland, PR 72690"
Diagnostic radiographer,jimduarte@example.com,Reyes and Sons,"5142 Christopher Port
South Johnny, VI 22185"
Company secretary,jcampbell@example.com,Harris and Sons,"81737 Gonzalez Walks
North Andreaport, DC 14600"
Visual merchandiser,chendennis@example.org,Cooper Group,"747 Guerra Plaza
Leeborough, PA 57866"
